architec	architec	
bridle	bridle	
wrldlit	wrldlit	
programmer	programmer	
keep	keep	
reuse	reuse	
global	global	
x5	x5	
carter	carter	
single	single	
lg	lg	
hawks	hawks	
pant	pant	
serious	serious	
bookworm1967	book	worm	1967	
support	support	
gellas	gellas	
turtlehealth	turtle	health	
minority	minority	
motorcycle	motorcycle	
ltd	ltd	
ff	ff	
foam	foam	
headcoverchoose	head	cover	choose	
bake	bake	
fema	fema	
automotive	automotive	
internationalsince93	international	since	
calico	calico	
freebie	freebie	
3inch	3inch	
egypt	egypt	
asianporn	asianporn	
train	train	
lifestyle	lifestyle	
wheat	wheat	
ice	ice	
nam	nam	
laptop	laptop	
royal	royal	
fluevog	fluevog	
marc	marc	
impotence	impotence	
help	help	
fargo	fargo	
chinas	chinas	
general	general	
amateurporn	amateur	porn	
confederate	confederate	
the	the	
25bahman	25bahman	
primera	primera	
husk	husk	
pal	pal	
kitchen	kitchen	
port	port	
nsa	nsa	
delicious	delicious	
beyond	beyond	
dextrose	dextrose	
crack	crack	
military	military	
whitesox	whitesox	
teamrnbtrary	team	btr	ary	
chinese	chinese	
asiatica	asiatica	
stophate	stophate	
hot	hot	
volt	volt	
rotterdam	rotterdam	
ambulance	ambulance	
whitley	whitley	
soccer	soccer	
carlisle	carlisle	
indian	indian	
its	its	
freephones	free	phones	
internetbusiness	internet	business	
concorde	concorde	
colophony	colophony	
chair	chair	
emerald	emerald	
teampayattention	team	pay	attention	
refl	refl	
arpeggio	arpeggio	
bellytm	bellytm	
walnut	walnut	
imf	imf	
basketball	basketball	
identific	identific	
fat	fat	
lulu	lulu	
prize	prize	
front	front	
21	21	
leeds	leeds	
skoda	skoda	
tweetfreaks	tweet	freaks	
forex	forex	
ilovebusybeecandlesnaturalhomefragrancebars	love	busy	bee	candles	natural	home	fragrance	bars	
religion	religion	
bm	bm	
spirituality	spirituality	
bbccomp10	bbccomp10	
integrated	integrated	
hobby	hobby	
decor	decor	
lorian	lorian	
floss	floss	
feb01	feb01	
nordic	nordic	
soy	soy	
thejanith	thejanith	
laminate	laminate	
perry	perry	
action	action	
domestication	domestic	
bird	bird	
allstar	allstar	
flow	flow	
reterik	reterik	
team	team	
tdp	tdp	
stun	stun	
tvs	tvs	
ask	ask	
astrology	astrology	
cow	cow	
path	path	
php5	php5	
ethic	ethic	
shoelala	shoelala	
adsense	adsense	
10year	10year	
acme	acme	
circus	circus	
whiskey	whiskey	
nigeria	nigeria	
consider	consider	
theatre	theatre	
spokane	spokane	
agent	agent	
stevens	stevens	
attack	attack	
college	college	
lawyer	lawyer	
false	false	
delivery	delivery	
dora	dora	
euthanazia	than	
irs	irs	
hentaiporn	hentai	porn	
shoesthatwontgetyoupussy	shoes	that	wont	get	you	pussy	
turtle	turtle	
become	become	
funnycats	funnycats	
oxford	oxford	
shearling	shearling	
stock	stock	
amazon	amazon	
terrorism	terrorism	
corner	corner	
selfhelp	selfhelp	
birch	birch	
px21	px21	
flight	flight	
shout	shout	
jew	jew	
conspiracy	conspiracy	
daily	daily	
indianapolis	indianapolis	
creative	creative	
femaleejaculation	female	ejaculation	
purpose	purpose	
interest	interest	
pcbsb	pcbsb	
roethlisberger	roe	lis	berger	
potus	potus	
nutritious	nutritious	
gaza	gaza	
optimization	optimization	
chilliwack	chilli	wack	
norfolk	norfolk	
askjeeves	askjeeves	
choose	choose	
usa	usa	
blossom	blossom	
followbackk	followback	
shoulder	shoulder	
au	au	
weather	weather	
newsvine	newsvine	
socialism	socialism	
wokingham	wokingham	
black	black	
hb	hb	
motorola	motorola	
invertebrates	invert	rates	
reviews	reviews	
scale	scale	
petgrooming	pet	grooming	
lotus	lotus	
18inch	18inch	
chrisitanity	chris	
sequel	sequel	
rt	rt	
15	15	
photoshop	photoshop	
biviel	biviel	
ww	ww	
financially	financially	
menu	menu	
layer	layer	
districtshout	district	shout	
princess	princess	
access	access	
karate	karate	
army	army	
newark	newark	
llantrisant	tris	ant	
obamacare	obamacare	
bhset	bhset	
breaktime	breaktime	
exodus	exodus	
greentech	greentech	
whether	whether	
rover	rover	
building	building	
fishing	fishing	
shopping	shopping	
marxist	marxist	
treatment	treatment	
questionsanswers	questions	answers	
gabbana	gabbana	
woman	woman	
curriculum	curriculum	
pension	pension	
bubble	bubble	
high	high	
diet	diet	
assembly	assembly	
publishingjobs	publishing	jobs	
cleveland	cleveland	
plastic	plastic	
socialmarketing	social	marketing	
sensor	sensor	
teeamfollowback	tee	followback	
saxo	saxo	
aviation	aviation	
smoke	smoke	
beater	beater	
random	random	
sourdough	sourdough	
twiwari	twiwari	
effective	effective	
requirement	requirement	
foreign	foreign	
wave	wave	
gaylord	gaylord	
mutant	mutant	
cerami	cerami	
project	project	
oil	oil	
liner	liner	
complexion	complexion	
focus	focus	
printafix	printafix	
current	current	
cahners	cahners	
amt	amt	
lead	lead	
mn2012	mn2012	
domus	domus	
conductor	conductor	
pettrends	pettrends	
handjob	handjob	
food	food	
brick	brick	
ilove	ilove	
dealership	dealership	
exchange	exchange	
bmsr	bmsr	
carpet	carpet	
boot	boot	
mustfolow	mustfolow	
yellowumbrella	yellow	umbrella	
don	don	
fuckinfollow	fuckin	follow	
photography	photography	
heritage	heritage	
marion	marion	
blend	blend	
cure	cure	
tt	tt	
sony	sony	
league	league	
mexico	mexico	
android	android	
givenchy	givenchy	
anybody	anybody	
import	import	
t2w	t2w	
evian	evian	
towards	towards	
kfourni	kfourni	
wildflower	wildflower	
boycott	boycott	
egyption	egyption	
torture	torture	
21890	21890	
reduce	reduce	
66	66	
doityourself	yourself	
153	153	
6533	6533	
estate	estate	
complex	complex	
wheel	wheel	
skin	skin	
jazz	jazz	
sorel	sorel	
mustfollow	must	follow	
kwbts124	kwbts124	
wedding	wedding	
citroen	citroen	
follow2gai	follow	
supplier	supplier	
gi	gi	
rocket	rocket	
blondeporn	blonde	porn	
ifollowall	follow	all	
infrastructure	infrastructure	
39	39	
antipsychotic	anti	psychotic	
image	image	
art	art	
of	of	
artwork	artwork	
beverag	beverag	
tail	tail	
biz	biz	
pad	pad	
strapon	strapon	
handm	handm	
heart	heart	
contract	contract	
hardware	hardware	
canda	canda	
flared	flared	
hospitalityjobs	hospitality	jobs	
escort	escort	
tshirt	tshirt	
armour	armour	
ganache	ganache	
durable	durable	
press	press	
2009	2009	
patriot	patriot	
happening	happening	
ncaaf	ncaaf	
wizkhalifa	wiz	khalifa	
relatively	relatively	
expression	expression	
70	70	
system	system	
springbreak	spring	break	
touch	touch	
ecommerce	ecommerce	
cumswallowing	cum	swallowing	
osborn	osborn	
shop	shop	
internetmarketing	internet	marketing	
santo	santo	
akron	akron	
superbowlshoutouts	superbowl	shoutouts	
georgia	georgia	
process	process	
hardwear	hardwear	
comedy	comedy	
fits	fits	
followfriday2	follow	friday	
10mm	10mm	
loss	loss	
mailbox	mailbox	
ez463	ez463	
letting	letting	
jan	jan	
jones	jones	
purplegirl	purple	girl	
fourth	fourth	
misc	misc	
followforfollow	follow	for	follow	
time	time	
yahoo	yahoo	
teensex	teensex	
who	who	
ergonomic	ergonomic	
removable	removable	
punto	punto	
room	room	
just4tharecord	just	4th	record	
productivity	productivity	
goldmansachs	goldman	sachs	
keisha	keisha	
htc	htc	
sa	sa	
factoid	factoid	
rent	rent	
introduces	introduces	
sms	sms	
greek	greek	
spy	spy	
797	797	
soul	soul	
report	report	
manufacture	manufacture	
handmade	handmade	
continental	continental	
maya	maya	
jersey	jersey	
research	research	
opportunist	opportunist	
wikileaks	wikileaks	
location	location	
tag	tag	
important	important	
maidstone	maidstone	
lisbon	lisbon	
ciprofloxacin	prof	lox	
assorted	assorted	
eddie	eddie	
twittertips	twitter	tips	
determine	determine	
taxpayer	taxpayer	
din	din	
chamber	chamber	
14inch	14inch	
dodd	dodd	
lraetz	lraetz	
100black2011	100	black	2011	
sideefects	side	efe	cts	
pashmina	pashmina	
discover	discover	
cruise	cruise	
across	across	
200	200	
cr	cr	
beckett	beckett	
trumpsweeps	trump	sweeps	
bristol	bristol	
bohemian	bohemian	
japanese	japanese	
sake	sake	
appetizer	appetizer	
twitterhastalent	twitter	has	talent	
corruption	corruption	
muir	muir	
menopause	menopause	
mazda	mazda	
crispy	crispy	
tiberiana	tiberiana	
klein	klein	
fang	fang	
ps2	ps2	
splash	splash	
jan28	jan28	
sunblock	sunblock	
teacher	teacher	
independent	independent	
patriots	patriots	
wheelchair	wheelchair	
loan	loan	
lottery	lottery	
internet_	internet_	
electric	electric	
greenford	greenford	
recover	recover	
ihave	ihave	
teanilluminati	tea	illuminati	
audi	audi	
ipadseocomp	ipad	seo	comp	
cake	cake	
hanes	hanes	
nflpa	nflpa	
wife	wife	
communication	communication	
funnel	funnel	
pkg	pkg	
sanrafaelnm	san	rafael	
gamma	gamma	
territory	territory	
eat	eat	
yoga	yoga	
cradle	cradle	
ecosystem	ecosystem	
regard	regard	
gluten	gluten	
windsor	windsor	
recreationsports	recreation	sports	
battery	battery	
masterful	masterful	
pack	pack	
infection	infection	
de	de	
hepatitis	hepatitis	
mobile	mobile	
clamshell	clamshell	
routine	routine	
info	info	
hyundai	hyundai	
psychology	psychology	
hypertension	hypertension	
wysiwyg	wysiwyg	
guzzler	guzzler	
gardener	gardener	
tubes	tubes	
bprestaurant	restaurant	
calvin	calvin	
rep	rep	
activist	activist	
followandgain	follow	and	gain	
yhpsunday	yhpsunday	
666	666	
thinker	thinker	
followfriday	follow	friday	
rome	rome	
6ft	6ft	
raise	raise	
chun	chun	
accessorize	access	rize	
deliver	deliver	
25ml	25ml	
problem	problem	
icemaker	icemaker	
911	911	
favorite	favorite	
labarge	labarge	
immersion	immersion	
2fer	2fer	
squaw	squaw	
peace	peace	
northfleet	north	fleet	
piston	piston	
pwnage	pwnage	
chestnut	chestnut	
harmful	harmful	
fusion	fusion	
funkeys	funkeys	
ningbo	ningbo	
san	san	
dino	dino	
08	08	
mary	mary	
chadwicks	chadwicks	
guess	guess	
dc	dc	
yhp	yhp	
about	about	
contractor	contractor	
web_design	web	design	
smoker	smoker	
bpproductconfigurator	product	config	
teamuk	teamuk	
supply	supply	
handmadebot	handmade	bot	
vote	vote	
timberwolf	timber	wolf	
cream	cream	
throne	throne	
kentia	kentia	
adrian	adrian	
jay	jay	
choice	choice	
bromine	bromine	
brand	brand	
typical	typical	
british	british	
restart	restart	
julep	julep	
openbts	openbts	
venettes	venettes	
william	william	
chemical	chemical	
ushikers	ushikers	
promotion	promotion	
learn	learn	
gallery	gallery	
fork	fork	
philadelphia	philadelphia	
epson	epson	
suehurd	suehurd	
cart	cart	
well	well	
split	split	
veena	veena	
supplement	supplement	
herbs	herbs	
lounge	lounge	
z4	z4	
kingdom	kingdom	
therapy	therapy	
day	day	
new	new	
8482	8482	
shave	shave	
18	18	
fern	fern	
expandable	expand	able	
pulley	pulley	
spending	spending	
25jan	25jan	
bore	bore	
watt	watt	
a_class	a_class	
gonzalez	gonzalez	
contraception	contra	cept	
4ft	4ft	
firm	firm	
memorial	memorial	
plan	plan	
bribes	bribes	
look	look	
inch	inch	
question	question	
hawaiian	hawaiian	
britain	britain	
certain	certain	
aljazeera	aljazeera	
local	local	
ruby	ruby	
nokill	nokill	
namebrands	name	brands	
sittingbourne	sitting	bourne	
zepfest	zepfest	
pc	pc	
passat	passat	
infowars	infowars	
witney	witney	
reference	reference	
reptilescare	reptiles	care	
no2ir	no2ir	
fiber	fiber	
mobilehome	mobile	home	
dictator	dictator	
pouch	pouch	
money	money	
goverment	goverment	
3d	3d	
keynes	keynes	
revolution	revolution	
merced	merced	
fw	fw	
quad	quad	
hoop	hoop	
12512	12512	
vet	vet	
siri	siri	
petdiscovery	pet	discovery	
valentine	valentine	
tittyfucking	titty	fucking	
message	message	
capitalist	capitalist	
select	select	
burnout	burnout	
coastal	coastal	
paint	paint	
kit	kit	
cone	cone	
sudan	sudan	
buy	buy	
dolce	dolce	
dark	dark	
charade	charade	
cnn	cnn	
kind	kind	
421	421	
rise	rise	
target	target	
raw	raw	
100ft	100ft	
natural	natural	
night	night	
06	06	
swps	swps	
toddler	toddler	
submission	submission	
dreamhome2k11	dream	home	
adidas	adidas	
pampekermancasemate	pam	ker	man	case	mate	
affected	affected	
drinking	drinking	
zafira	zafira	
rock	rock	
adventure	adventure	
car	car	
southamption	south	pti	
turkey	turkey	
must	must	
cache	cache	
perimenopause	peri	menopause	
promotrain	promo	train	
taho	taho	
hud6forever	hud	forever	
direct	direct	
garfield	garfield	
itsblackfridayhoe	its	black	friday	hoe	
pasta	pasta	
murryhill	murryhill	
alterlisa	alterlisa	
resistnet	resistnet	
invent	invent	
kinect	kinect	
saint	saint	
roof	roof	
idontunderstandwhy	dont	understand	why	
ring	ring	
hook	hook	
pearl	pearl	
javelin	javelin	
thetwisters	twisters	
gripper	gripper	
totd	totd	
tennantfamily	tenn	ant	family	
executivejobs	executive	jobs	
atlanta	atlanta	
wire	wire	
breasted	breasted	
madness	madness	
bus	bus	
sex	sex	
mpg	mpg	
change	change	
shadow	shadow	
bangladesh	bangladesh	
radar	radar	
detox	detox	
rat	rat	
backpack	backpack	
effort	effort	
short	short	
trunk	trunk	
monrow	monrow	
13	13	
gm	gm	
law	law	
smell	smell	
robot	robot	
copper	copper	
sheep	sheep	
lindley	lindley	
ciera	ciera	
commitment	commitment	
follo	follo	
diamond	diamond	
49	49	
flatscreen	flat	screen	
tube	tube	
civil	civil	
realitysex	reality	sex	
buxton	buxton	
chef	chef	
disney	disney	
kevin	kevin	
mizuno	mizuno	
pony	pony	
f22	f22	
renovate	renovate	
scor	scor	
landing	landing	
lexington	lexington	
tractor	tractor	
area	area	
surrey	surrey	
para	para	
craft	craft	
dedalus	dedalus	
matiz	matiz	
amphibian	amphibian	
swan	swan	
mba	mba	
breeder	breeder	
petunia	petunia	
raydeenb	raydeenb	
abnerk	abnerk	
planet	planet	
joint	joint	
armor	armor	
herndon	herndon	
carts	carts	
annotate	annotate	
tpp	tpp	
tax	tax	
harvard	harvard	
consolidation	consolidation	
writeonline	write	online	
northern	northern	
bancor	bancor	
rice	rice	
helicopter	helicopter	
brochure	brochure	
joseph	joseph	
cell	cell	
cheese	cheese	
potato	potato	
petstore	petstore	
berlin	berlin	
astra	astra	
04	04	
intelligence	intelligence	
triangular	triangular	
ny	ny	
wierdsex	wierdsex	
profe	profe	
goddess	goddess	
rollerbabies	roller	babies	
followfollow	follow	follow	
minoxidil	minoxidil	
pox50in	pox50in	
atlantis	atlantis	
jan25	jan25	
salad	salad	
oakland	oakland	
constitution	constitution	
accountingjobs	accounting	jobs	
start	start	
blame	blame	
sue2scanlon	sue	can	
vintage	vintage	
possible	possible	
mysql	mysql	
peacoat	peacoat	
sq	sq	
stationery	stationery	
ink	ink	
crocus	crocus	
hunt	hunt	
keen	keen	
chocolate	chocolate	
listeningto	listening	
bodybalance	body	balance	
market	market	
cider	cider	
alloy	alloy	
ritual	ritual	
winter	winter	
term	term	
onyx	onyx	
mount	mount	
tetleyand	tetleyand	
sideeffects	side	effects	
egipto	egipto	
editor	editor	
swansea	swansea	
bomber	bomber	
solves	solves	
website	website	
underworld	underworld	
darfur	darfur	
application	application	
vitamin	vitamin	
swamp	swamp	
veterinary	veterinary	
asian	asian	
fraud	fraud	
horsforth	horsforth	
dunsfold	dunsfold	
wireless	wireless	
instantfollowb	instant	follow	
thomas	thomas	
hairyporn	hairyporn	
xbox360	xbox360	
thugs	thugs	
toy	toy	
sologirl	sologirl	
minnesota	minnesota	
dictionary	dictionary	
solution	solution	
chemtrails	chemtrails	
fashion	fashion	
hrjobs	hrjobs	
fa	fa	
nylon	nylon	
gamecube	gamecube	
iranvzla	iranvzla	
lactate	lactate	
fluoride	fluoride	
cheney	cheney	
lexus	lexus	
oopsy	oopsy	
senate	senate	
cowboom	cowboom	
epsonartisan	eps	artisan	
cornhole	cornhole	
line	line	
wmen	wmen	
resistance	resistance	
spirit	spirit	
olsenhaus	olsenhaus	
selwyn	selwyn	
teamfollowbackfollow	team	followback	follow	
category	category	
mentalhealth	mental	health	
marsh	marsh	
family	family	
lincoln	lincoln	
script	script	
floor	floor	
economic	economic	
twitterjail	twitter	jail	
ira	ira	
yellow	yellow	
exotic	exotic	
wifi	wifi	
devon	devon	
employer	employer	
monitor	monitor	
ybfproducts	products	
sleep	sleep	
algae	algae	
demi	demi	
voulme	voulme	
prescribe	prescribe	
grannygilf	granny	gil	
iphonejp	iphonejp	
realestate	real	estate	
road	road	
beautiful	beautiful	
autism	autism	
claude	claude	
sweep	sweep	
hold	hold	
cmput	cmput	
greerings	greerings	
bbmp	bbmp	
muscle	muscle	
blackberry	blackberry	
childhood	childhood	
mcginniss	mcginniss	
oxyclassifieds	oxy	classified	
possibility	possibility	
publication	publication	
shoutout	shoutout	
fitness	fitness	
hardcoreporn	hardcore	porn	
low	low	
480	480	
group	group	
hellafeddy	hell	eddy	
crysis	crysis	
smallboobs	small	boobs	
cultivate	cultivate	
controversial	controversial	
cumontits	cumontits	
china	china	
magazine	magazine	
table	table	
task	task	
span	span	
cumonass	cumonass	
computer	computer	
dinosaur	dinosaur	
death	death	
fucktheshyt	fuck	shyt	
bong	bong	
chameleoncare	chameleon	care	
protection	protection	
freedom	freedom	
overthecounter	over	counter	
ranger	ranger	
acrylamide	cry	lami	
maxismimi	maxismimi	
fntsy	fntsy	
lttp	lttp	
newborn	newborn	
last	last	
journalism	journalism	
epl	epl	
nowplaying	now	playing	
relate	relate	
brindisi	brindisi	
conni	conni	
nau	nau	
business	business	
fitcare	fitcare	
2010	2010	
ezxteu2gw	ezxteu2gw	
mustfollownowhe	must	follow	now	
essential	essential	
seo	seo	
elsevie	elsevie	
coffee	coffee	
dhs	dhs	
c3	c3	
conference	conference	
gold	gold	
gps	gps	
insurancejobs	insurance	jobs	
gunn	gunn	
account	account	
waste	waste	
solicitation	sol	citation	
mgb	mgb	
drown	drown	
aluminum	aluminum	
member	member	
standard	standard	
christmas	christmas	
pvachuska	pvachuska	
knife	knife	
weight	weight	
mower	mower	
sale	sale	
lizzettepanton	liz	tte	pant	
product	product	
fleece	fleece	
phoenix	phoenix	
winthreesmartphone	win	three	smartphone	
thelightsichase	lights	chase	
beach	beach	
file2give	file2give	
dealer	dealer	
bigponyparkcity	big	pony	park	city	
accident	accident	
fort	fort	
hsus	hsus	
boston	boston	
corrie	corrie	
motionsickness	motion	sickness	
province	province	
hoseon	hoseon	
cotton	cotton	
junket	junket	
tailor	tailor	
clip	clip	
hairypussy	hairy	pussy	
success	success	
abbotsford	abbot	ford	
raven	raven	
nowfollow	nowfollow	
henriksen	henriksen	
super	super	
ventura	ventura	
busan	busan	
horse	horse	
german	german	
creditscore	credit	score	
wildman	wildman	
2003	2003	
skill	skill	
steelheading	steel	heading	
mohd	mohd	
sensitive	sensitive	
kaydee	kaydee	
socialmediatoday	social	media	today	
americano	americano	
onion	onion	
search	search	
bauer	bauer	
jkb	jkb	
halen	halen	
corporate	corporate	
oldham	oldham	
shrt	shrt	
elementary	elementary	
iranian	iranian	
corduroy	corduroy	
dangerous	dangerous	
agr	agr	
bodum	bodum	
list	list	
redfeather	red	feather	
smithrock	smithrock	
laboratory	laboratory	
marini	marini	
reservation	reservation	
hole	hole	
artsentertainment	arts	entertainment	
band	band	
retweet	retweet	
jacket	jacket	
george	george	
naturally	naturally	
granite	granite	
hemp	hemp	
1748	1748	
financial	financial	
firstclassfriday	first	class	friday	
quartos	quartos	
googleebooks	google	ebooks	
dimms	dimms	
prank	prank	
customer	customer	
athlete	athlete	
penguin	penguin	
travel	travel	
backboard	backboard	
acne	acne	
antibiotic	antibiotic	
celebration	celebration	
pornstarsex	pornstar	sex	
spring	spring	
nhl	nhl	
asan	asan	
spanish	spanish	
doms	doms	
teeth	teeth	
collection	collection	
adrenaline	adrenaline	
blade	blade	
gnome	gnome	
wolky	wolky	
petvitamin	pet	vitamin	
lace	lace	
hor	hor	
adazl	adazl	
teamwwes	teamwwes	
iraq	iraq	
rim	rim	
salvage	salvage	
pt	pt	
djoy	djoy	
friend	friend	
photographer	photographer	
promote	promote	
tea	tea	
gbricker	gbricker	
bordeaux	bordeaux	
oversized	oversized	
elenco	elenco	
makemoney	makemoney	
merchandise	merchandise	
sougo	sougo	
7inch	7inch	
gelfilled	gelfilled	
hollow	hollow	
dachshund	dachshund	
kneehigh	kneehigh	
freejoeygiggles	free	joey	giggles	
slim	slim	
cricket	cricket	
ocra	ocra	
worldwide	worldwide	
manufacturingjobs	manufacturing	jobs	
megane	megane	
adaptation	adaptation	
bass	bass	
your	your	
cat	cat	
dependability	depend	ability	
neon	neon	
justify	justify	
web	web	
mr	mr	
approach	approach	
allclad	allclad	
pain	pain	
diffus	diffus	
daisy	daisy	
rein	rein	
love	love	
healthcare	healthcare	
cover	cover	
know	know	
figure	figure	
brain	brain	
europe	europe	
yoshiblade	yoshi	blade	
doowah	doowah	
reserva	reserva	
merrell	merrell	
very	very	
23	23	
folding	folding	
warsaw	warsaw	
twibbon	twibbon	
biyou	biyou	
follownow	follownow	
petersburg	petersburg	
caius	caius	
song	song	
petro	petro	
shell	shell	
hardy	hardy	
militaryjobs	military	jobs	
rifle	rifle	
note	note	
goal	goal	
gandhi	gandhi	
to	to	
water	water	
inception	inception	
mets	mets	
furu	furu	
mercury	mercury	
archery	archery	
5_series	5_series	
ghonim	ghonim	
green	green	
yaris	yaris	
funnyvideo	funny	video	
luton	luton	
calorie	calorie	
topchef	topchef	
miracle	miracle	
premise	premise	
maximum	maximum	
39x58	39x58	
suleidy	suleidy	
fillmore	fillmore	
barbie	barbie	
point	point	
feint	feint	
pin	pin	
magic	magic	
getpaidonline	get	paid	online	
bran	bran	
republican	republican	
ipod	ipod	
5piece	5piece	
suzuki	suzuki	
carbon	carbon	
pensacola	pensacola	
hit	hit	
ceo	ceo	
unofficial	unofficial	
technology	technology	
hanger	hanger	
archbold	archbold	
assortment	sort	ment	
flag	flag	
muriel	muriel	
malay	malay	
lovequote	lovequote	
fuckmachines	fuck	machines	
clasp	clasp	
heater	heater	
care	care	
root	root	
positive	positive	
3506185	3506185	
bejool	bejool	
nike	nike	
iphone	iphone	
cartridge	cartridge	
body	body	
monument	monument	
matte	matte	
magnetic	magnetic	
suez	suez	
facebook	facebook	
1214	1214	
divot	divot	
skincare	skincare	
baby	baby	
tn03	tn03	
mud	mud	
organization	organization	
urea	urea	
tv	tv	
lawrenceville	lawrenceville	
bikinibody	bikini	body	
con	con	
guide	guide	
chagall	chagall	
andrew	andrew	
banking	banking	
mac	mac	
machine	machine	
03	03	
environment	environment	
domestic	domestic	
scribendi_inc	scribe	inc	
egyptian	egyptian	
holder	holder	
canadian	canadian	
glee	glee	
apparel	apparel	
pattern	pattern	
mubarak	mubarak	
dodger	dodger	
bridge	bridge	
walmart	walmart	
hawaii	hawaii	
course	course	
emarketplace	marketplace	
lingerie	lingerie	
that	that	
handle	handle	
complete	complete	
beauty	beauty	
volkswagen	volkswagen	
homework	homework	
equipment	equipment	
card	card	
freebiefriday	freebie	friday	
smith	smith	
block	block	
p2	p2	
golfer	golfer	
country	country	
muscle_building	muscle	building	
mercedes	mercedes	
siebert	siebert	
sexy	sexy	
norwich	norwich	
early	early	
plantoys	plantoys	
alex	alex	
morning	morning	
sequence	sequence	
09	09	
sd	sd	
mason	mason	
grandma	grandma	
lebanon	lebanon	
full	full	
side	side	
drip	drip	
la	la	
manifesto	manifesto	
alfred	alfred	
dept	dept	
homesales	homesales	
sheaffer	sheaffer	
federal	federal	
leadership	leadership	
baldwin	baldwin	
thick	thick	
sandal	sandal	
reviewer	reviewer	
followtheleaders	follow	leaders	
tls	tls	
plant	plant	
adoption	adoption	
bullet	bullet	
followbackteam	followback	team	
sequin	sequin	
translate	translate	
departed	departed	
sheet	sheet	
birdwatch	birdwatch	
wood	wood	
bebside	bebside	
gofollow	gofollow	
shelby	shelby	
printer	printer	
drawer	drawer	
investor	investor	
brm	brm	
oralsex	oralsex	
206	206	
professional	professional	
commission	commission	
aa	aa	
lie	lie	
blanket	blanket	
originality	originality	
radio	radio	
after	after	
cultfilmfriday	cult	film	friday	
wwe	wwe	
followm	followm	
freesherinet	free	sheri	net	
ifb	ifb	
melanin	melanin	
wheelchairs	wheelchair	
period	period	
giveaway	giveaway	
wellness	wellness	
fringe	fringe	
retail	retail	
news	news	
architectural	architectural	
clog	clog	
grieve	grieve	
polo	polo	
painkiller	painkiller	
engagement	engagement	
ogio	ogio	
taste	taste	
reuters	reuters	
afraid	afraid	
user	user	
3_series	3_series	
ceramic	ceramic	
rmf	rmf	
bulb	bulb	
travertine	raver	tine	
behava	behava	
platform	platform	
corn	corn	
export	export	
gimmesomegogo	gimme	some	
457	457	
now	now	
late	late	
efficiency	efficiency	
really	really	
jamison	jamison	
base	base	
dogtown	dogtown	
supercharge	super	charge	
avenue	avenue	
spencer	spencer	
carry	carry	
mystery	mystery	
african	african	
fishfood	fishfood	
bullrun	bullrun	
portrait	portrait	
highcut	highcut	
wewantzotterchocolate	want	otter	chocolate	
gay	gay	
poker	poker	
affiliate	affiliate	
vest	vest	
conservation	conservation	
anatomy	anatomy	
counter	counter	
humanrights	human	rights	
crystal	crystal	
magnet	magnet	
homeimprovement	home	improvement	
alcoholic	alcoholic	
activity	activity	
final	final	
yacht	yacht	
hanshin	hanshin	
vector	vector	
vinyl	vinyl	
kindle	kindle	
shrub	shrub	
retirement	retirement	
jean	jean	
jan30	jan30	
plus	plus	
trial	trial	
letter	letter	
bigcocks	bigcocks	
blender	blender	
brunetteporn	brunette	porn	
surgery	surgery	
injury	injury	
wp7	wp7	
inwood	inwood	
te	te	
ipodjp	ipodjp	
xcellent	xcellent	
insomnia	insomnia	
liberty	liberty	
pc15	pc15	
color	color	
zhejiang	zhejiang	
tiger	tiger	
colle	colle	
wetland	wetland	
telemarketing	tele	marketing	
123	123	
clean	clean	
fda	fda	
pablosky	pablosky	
candice	candice	
arrest	arrest	
trust	trust	
obama	obama	
businessmarketing	business	marketing	
sexual	sexual	
polar	polar	
airport	airport	
yhpplease	yhpplease	
charge	charge	
traffic	traffic	
specter	specter	
pigme	pigme	
big10	big10	
73	73	
artist	artist	
syria	syria	
bed	bed	
rubber	rubber	
haarp	haarp	
government	government	
waterlooville	waterloo	ville	
executive	executive	
cheer	cheer	
language	language	
speaks	speaks	
citizen	citizen	
kenny	kenny	
painful	painful	
aussie	aussie	
metacarpal	met	carpal	
rafi	rafi	
uniform	uniform	
haiti	haiti	
frame	frame	
freezecrowd	freeze	crowd	
europorn	europorn	
busines	busines	
petfood	petfood	
mediumboobs	medium	boobs	
chameleon	chameleon	
youtube	youtube	
bing	bing	
multiple	multiple	
ambient	ambient	
erection	erection	
security	security	
seo2011	seo2011	
before	before	
discovery	discovery	
outback	outback	
marketing	marketing	
hezbollah	hezbollah	
enchant	enchant	
chess	chess	
bull	bull	
bipolar	bipolar	
milk	milk	
tour	tour	
backside	backside	
jargon	jargon	
helmet	helmet	
campaign	campaign	
ladyblueshift	lady	blue	shift	
nba	nba	
place	place	
kay	kay	
sell	sell	
chrysler	chrysler	
etsy	etsy	
bow	bow	
designer	designer	
second	second	
strategy	strategy	
basic	basic	
dem	dem	
mystical	mystical	
abroad	abroad	
crusade	crusade	
mx	mx	
kellogg	kellogg	
triond	triond	
bear	bear	
beautyjp	beautyjp	
zumba	zumba	
agriculture	agriculture	
philippine	philippine	
pause	pause	
lasttimethecavswon	last	time	cavs	won	
shock	shock	
turtlefood	turtle	food	
php	php	
gain	gain	
skinsational	skins	
illegal	illegal	
shipyard	shipyard	
follow4follow	follow	follow	
attitude	attitude	
million	million	
fishhealth	fish	health	
daewon	daewon	
clothing	clothing	
signal	signal	
remnant	remnant	
it	it	
adapter	adapter	
iphone4jp	iphone4jp	
norwalk	norwalk	
jog	jog	
charity	charity	
landingstrippussy	landing	strip	pussy	
serf	serf	
mrbean	mrbean	
treasury	treasury	
coverup	coverup	
440yds	440yds	
speed	speed	
redgage	redgage	
prince	prince	
oklahoma	oklahoma	
improudtosay	proud	say	
apap	apap	
chiefs	chiefs	
city	city	
tonic	tonic	
jfk	jfk	
crash	crash	
asp	asp	
icon	icon	
consultingjobs	consulting	jobs	
streams	streams	
good	good	
simeji	simeji	
fictn	fictn	
bukakkeporn	kak	porn	
pound	pound	
grainery	grainery	
fuzzy	fuzzy	
mellic	mellic	
bowl	bowl	
kite	kite	
patio	patio	
council	council	
freelander	free	lander	
corrupt	corrupt	
fabric	fabric	
commercial	commercial	
sidibouzid	sid	uzi	
ballpoint	ballpoint	
suite	suite	
cage	cage	
energy	energy	
invest	invest	
sm	sm	
cr610	cr610	
hospital	hospital	
cause	cause	
feature	feature	
spf	spf	
tool	tool	
effect	effect	
empire	empire	
charger	charger	
actadv	actadv	
ceremony	ceremony	
pépin	pépin	
winner	winner	
12dice	12dice	
box	box	
mario	mario	
education	education	
charcoal	charcoal	
bluebird	bluebird	
broadband	broadband	
record	record	
colorwave	colorwave	
socialmedia	social	media	
save	save	
doghealth	doghealth	
vacation	vacation	
dimock	dimock	
quilt	quilt	
student	student	
valentinesday	valentines	day	
scliq	scliq	
fast	fast	
mendoza	mendoza	
serbia	serbia	
viking	viking	
violence	violence	
florida	florida	
gadget	gadget	
hawkrave	hawkrave	
soft	soft	
gastritis	gastritis	
shaw	shaw	
gun	gun	
loper	loper	
nfict	nfict	
khalifa	khalifa	
robbins	robbins	
county	county	
o25party	o25party	
stoic	stoic	
adjustability	adjust	ability	
stanley	stanley	
moisture	moisture	
usher	usher	
hospitality	hospitality	
metalelf	metalelf	
zipper	zipper	
under	under	
inexpensive	inexpensive	
fuzoku	fuzoku	
stepup3	stepup3	
dd3020b	dd3020b	
palo	palo	
stephen	stephen	
1staid4	1staid4	
stand	stand	
losangeles	losangeles	
haliburton	hal	burton	
john	john	
daddio	daddio	
bakugan	bakugan	
carrera	carrera	
from	from	
internship	internship	
hockey	hockey	
software	software	
gohan	gohan	
whitepeople	white	people	
trailblazer	trailblazer	
davos	davos	
reagent	reagent	
fitnessnews	fitness	news	
salat	salat	
tbp	tbp	
sheahoe	sheahoe	
creampieporn	cream	pie	porn	
auction	auction	
purchase	purchase	
shed	shed	
part	part	
air	air	
holistic	holistic	
earn	earn	
just	just	
choke	choke	
interview	interview	
4neda	4neda	
exact	exact	
sandbach	sandbach	
career	career	
source	source	
maintenance	maintenance	
classic	classic	
video	video	
ahhqua	ahhqua	
khan	khan	
for	for	
hurry	hurry	
coconut	coconut	
virus	virus	
pudleglum4	pud	leg	lum	
float	float	
need	need	
technique	technique	
mountain	mountain	
alpha	alpha	
park	park	
gourmet	gourmet	
microsoft	microsoft	
thaxsted	thaxsted	
financialstatement	financial	statement	
adelaide	adelaide	
bedhead	bedhead	
like	like	
cushion	cushion	
truth	truth	
uv	uv	
battle	battle	
chintai	chintai	
west	west	
awaited	awaited	
tess	tess	
chronograph	chrono	graph	
job	job	
rectangle	rectangle	
montreal	montreal	
ncaa	ncaa	
refugee	refugee	
squid	squid	
adobe	adobe	
autofolback	auto	folback	
sauce	sauce	
motorize	motorize	
brest	brest	
billingham	billing	ham	
anyone	anyone	
flap	flap	
webdevelopment	web	development	
bleach	bleach	
graphite	graphite	
cairo	cairo	
undergraduate	undergraduate	
20	20	
airline	airline	
jgf	jgf	
johngalt	johngalt	
sougofollow	follow	
hydroco	hydroco	
budget	budget	
arekgb	arekgb	
world	world	
herbal	herbal	
name	name	
hotvimto	hotvimto	
chicago	chicago	
watch	watch	
little	little	
pull	pull	
bust	bust	
followmej	followmej	
stockport	stockport	
santa	santa	
emu	emu	
cassette	cassette	
by	by	
un	un	
gratitude4gr8friends	gratitude	gr8	friends	
closure	closure	
power	power	
camo	camo	
pleated	pleated	
own	own	
range_rover_sport	ranger	over	sport	
a4	a4	
hair	hair	
nissan	nissan	
charter	charter	
ball	ball	
fridge	fridge	
oblong	oblong	
teamf	teamf	
balance	balance	
pilger	pilger	
songwriter	songwriter	
cardinal	cardinal	
shrug	shrug	
footwear	footwear	
groom	groom	
impossible	impossible	
cobi	cobi	
paintball	paintball	
theory	theory	
brother	brother	
soldier	soldier	
showcase	showcase	
enamel	enamel	
discus	discus	
site	site	
athens	athens	
freepalestine	free	palestine	
uk	uk	
owc	owc	
ache	ache	
famed	famed	
engineering	engineering	
fan	fan	
sledui	sledui	
gear	gear	
wrist	wrist	
carnival	carnival	
common	common	
forest	forest	
jimmie	jimmie	
american	american	
print	print	
hickory_ford	hickory	ford	
connett	connett	
candle	candle	
word	word	
gym	gym	
honda	honda	
university	university	
wattspublishing	watts	publishing	
cincinnati	cincinnati	
wonderful	wonderful	
cord	cord	
windowsphone	windows	phone	
adcaveuk	adcaveuk	
circle	circle	
apps	apps	
collar	collar	
manrules	manrules	
pas	pas	
12	12	
monza	monza	
aiden	aiden	
espn	espn	
information	information	
land_rover	land	rover	
prelude	prelude	
structure	structure	
gpps	gpps	
producer	producer	
ladder	ladder	
followsoon	follow	soon	
english	english	
tna	tna	
vectra	vectra	
husband	husband	
fml	fml	
gecko	gecko	
glass	glass	
break	break	
golden	golden	
maj	maj	
12year	12year	
blue	blue	
great	great	
egyptianresort	egyptian	resort	
ginormous	ginormous	
mlb	mlb	
sisyphus	sisyphus	
c70	c70	
freefrom	freefrom	
inv	inv	
handma	handma	
jgffollowed	followed	
disaster	disaster	
film	film	
novocut	novocut	
le	le	
shipping	shipping	
hydraulic	hydraulic	
today	today	
26	26	
52	52	
kansas	kansas	
town	town	
hiker	hiker	
deskbook	deskbook	
production	production	
digitaljournal	digital	journal	
testonon	testonon	
factor	factor	
cobra	cobra	
ch2600	ch2600	
analsexporn	anal	sex	porn	
fighter	fighter	
potion	potion	
lampwork	lampwork	
pampekermanbnicole	pam	ker	man	nicole	
fisting	fisting	
tcot	tcot	
experience	experience	
concrete	concrete	
economics	economics	
chengdong	chengdong	
addthis	addthis	
wallet	wallet	
omega	omega	
213	213	
recipe	recipe	
indo	indo	
war	war	
generation	generation	
lesbian	lesbian	
guffey	guffey	
lobster	lobster	
internet	internet	
zinc	zinc	
sinister	sinister	
nickel	nickel	
potts	potts	
shopper	shopper	
ireland	ireland	
lesbianporn	lesbian	porn	
foe	foe	
france	france	
packaging	packaging	
bank	bank	
three	three	
injection	injection	
shabbychic	shabby	chic	
tech	tech	
messageinabottle	message	bottle	
cucumber	cucumber	
dodge	dodge	
moment	moment	
machinery	machinery	
masahiro	masahiro	
cathode	cathode	
puffynipples	puffy	nipples	
dj	dj	
vendor	vendor	
skull	skull	
honey	honey	
azuric	azuric	
husbandry	husbandry	
vredmon	vredmon	
insect	insect	
congress	congress	
slk	slk	
weebly	weebly	
international	international	
mancoroberta	man	robert	
rescue	rescue	
brawler	brawler	
burma	burma	
associate	associate	
fact	fact	
shavedpussy	shaved	pussy	
go	go	
norman	norman	
depopulation	population	
entrepreneurship	entrepreneurship	
field	field	
publish	publish	
baste	baste	
fredrickson	fredrick	son	
assange	assange	
shirt	shirt	
sky	sky	
russia	russia	
propane	propane	
classroom	classroom	
58130r	58130r	
rosetta	rosetta	
attractive	attractive	
universi	universi	
sportswear	sportswear	
mlia	mlia	
husqvarna	husqvarna	
suggest	suggest	
mold	mold	
owner	owner	
educator	educator	
500	500	
cabriolet	cabriolet	
lucy	lucy	
turku	turku	
allergy	allergy	
lovesong	lovesong	
iphon	iphon	
stati	stati	
write	write	
advancextravaganza	adv	anc	extravaganza	
cash	cash	
puppet	puppet	
75	75	
reptile	reptile	
mundial	mundial	
blowjob	blowjob	
obesity	obesity	
steal	steal	
pre	pre	
mysimonsweeps	simon	sweeps	
modern	modern	
20in	20in	
around	around	
sweet	sweet	
topstories	top	stories	
party	party	
lucifer	lucifer	
scifi	scifi	
01	01	
whip	whip	
depression	depression	
petitewomenporn	petite	women	porn	
increase	increase	
additives	additives	
nafta	nafta	
scene	scene	
beverage	beverage	
porn	porn	
accessory	accessory	
cooler	cooler	
descriptio	script	
phone	phone	
label	label	
traveler	traveler	
censorship	censorship	
rejuvenate	rejuvenate	
their	their	
villain	villain	
snuggies	snuggies	
lid	lid	
kiyamati	kiyamati	
freefrm	freefrm	
greygoose	greygoose	
aspca	aspca	
iphone4	iphone4	
handbags	handbags	
diameter	diameter	
milton	milton	
plush	plush	
dustin	dustin	
baseball	baseball	
eurographics	euro	graphics	
menshealth	mens	health	
animal	animal	
hornet	hornet	
god	god	
baphomet	baphomet	
houseplant	house	plant	
32	32	
f4f	f4f	
squeeze	squeeze	
laguna	laguna	
naknek	naknek	
inc	inc	
miha	miha	
youcut	youcut	
log	log	
fish	fish	
multi	multi	
centre	centre	
richmeier	richmeier	
indoor	indoor	
g	g	
28	28	
bcbgirls	bcbgirls	
yhpi	yhpi	
classified	classified	
logisticsjobs	logistics	jobs	
advertising	advertising	
garlic	garlic	
texas	texas	
proppa	proppa	
derty	derty	
secret	secret	
godinger	godinger	
motor	motor	
fury	fury	
elsevier	elsevier	
seam	seam	
24161	24161	
yang	yang	
shandong	shandong	
email	email	
reflection	reflection	
aceking	aceking	
stainless	stainless	
breed	breed	
marksmanship	marks	man	ship	
mean	mean	
tape	tape	
comp	comp	
cataract	cataract	
barry	barry	
deck	deck	
marquette	marquette	
large	large	
sheaintneenboutdatlife	she	aint	bout	dat	life	
ford	ford	
eyewear	eyewear	
200aday	200aday	
12quart	12quart	
walkingdead	walking	dead	
offers	offers	
habeas	habeas	
apart	apart	
dmchai	dmchai	
wicking	wicking	
lqs	lqs	
jewelry	jewelry	
liver	liver	
sympathy	sympathy	
memory	memory	
control	control	
linder	linder	
online	online	
bhchihuahua2	chihuahua	
1000aday	1000aday	
l210	l210	
3watt	3watt	
rental	rental	
kamimado	kamimado	
animation	animation	
enterprise	enterprise	
chrome	chrome	
free	free	
daughter	daughter	
vegetabl	vegetabl	
growth	growth	
diy	diy	
review	review	
jacques	jacques	
tunisia	tunisia	
fool	fool	
nvt	nvt	
54in	54in	
display	display	
supreme	supreme	
shore	shore	
longevity	longevity	
cock	cock	
daewoo	daewoo	
improvement	improvement	
7	7	
sartorialist	sar	tori	list	
januaryblues	january	blues	
find	find	
selfmade	selfmade	
67	67	
objectivism	object	
lined	lined	
culture	culture	
pianist	pianist	
installation	installation	
koastal	koastal	
saver	saver	
map	map	
indianna	indianna	
legaljobs	legaljobs	
elephant	elephant	
benefit	benefit	
315	315	
gift	gift	
10	10	
sellbooks	sellbooks	
taxtipthrowdown	tax	tip	throw	down	
visitor	visitor	
jonestown	jonestown	
hosiery	hosiery	
93001064	93001064	
blogging	blogging	
acronym	acronym	
sextoys	sextoys	
peugeot	peugeot	
shoe	shoe	
example	example	
crawley	crawley	
01300010203	3000	1020	
mark	mark	
46	46	
cough	cough	
polyester	polyester	
auto	auto	
mostar	mostar	
alligator	alligator	
fb	fb	
freeallthree	free	all	three	
coat	coat	
crown	crown	
storage	storage	
scarpe	scarpe	
study	study	
acrylic	acrylic	
movie	movie	
idea	idea	
peter	peter	
mosaic	mosaic	
archival	archival	
huntsville	huntsville	
briefly	briefly	
imagine	imagine	
jumbo	jumbo	
honorary	honorary	
quote	quote	
contraceptive	contra	cept	ive	
yoku	yoku	
senseo	senseo	
stubhub	stubhub	
bv2913	bv2913	
gordon	gordon	
unique	unique	
sotrue	sotrue	
hp	hp	
thousand	thousand	
instantfollow	instant	follow	
spirea	spirea	
clk	clk	
live	live	
lego	lego	
exercise	exercise	
sophieninewest	sophie	nine	west	
magnificent	magnificent	
in	in	
performance	performance	
sherwood	sherwood	
tallgirls	tallgirls	
corolle	corolle	
pleatco	pleatco	
gop	gop	
leopard	leopard	
melo	melo	
blind	blind	
favor	favor	
fc3	fc3	
intel	intel	
affiliation	affiliation	
teluos	teluos	
hire	hire	
detroit	detroit	
bead	bead	
1000	1000	
life	life	
curtain	curtain	
90904c	90904c	
finance	finance	
frozen	frozen	
chalkboard	chalkboard	
handsome	handsome	
intolerant	intolerant	
bilderberg	bil	der	berg	
epsonworkforce	eps	workforce	
spain	spain	
rosemary	rosemary	
tip	tip	
iran	iran	
electronic	electronic	
stone	stone	
tout	tout	
barbara	barbara	
mini	mini	
resistant	resistant	
linkin	linkin	
patrick	patrick	
ebooks	ebooks	
kasper	kasper	
airomatic	airomatic	
milfsex	milfsex	
12cup	12cup	
arrange	arrange	
church	church	
glove	glove	
elastic	elastic	
deseret	deseret	
position	position	
mtd	mtd	
manufacturer	manufacturer	
corneal	corneal	
office	office	
drop	drop	
martial	martial	
redfield	redfield	
cafetiere	cafetiere	
kelowna	kelowna	
ms	ms	
blackporn	blackporn	
mont	mont	
bell	bell	
fountain	fountain	
india	india	
adopt	adopt	
acupressure	pressure	
small	small	
happiness	happiness	
assassination	assassination	
countertop	counter	top	
total	total	
deal	deal	
gracee	gracee	
seal	seal	
pet	pet	
wes	wes	
window	window	
interracialsexvideos	interracial	sex	videos	
48	48	
keiba	keiba	
kid	kid	
frugal	frugal	
darlington	darlington	
south	south	
resume	resume	
roanoke	roanoke	
atlasshrugged	atlas	shrugged	
derives	derives	
economy	economy	
earring	earring	
22	22	
crap	crap	
bronze	bronze	
caldicot	caldicot	
flagpole	flagpole	
meat	meat	
1948	1948	
hermiston	hermiston	
potential	potential	
stage	stage	
staple	staple	
medical	medical	
seafood	seafood	
textile	textile	
bicycle	bicycle	
taf	taf	
form	form	
sticker	sticker	
newcastle	newcastle	
true	true	
pip	pip	
headset	headset	
rsf	rsf	
nugget	nugget	
clothes	clothes	
reliable	reliable	
zibbet	zibbet	
freemasonry	free	mason	
ship	ship	
service	service	
spam	spam	
teamfol	teamfol	
hiltonworldwide	hilton	worldwide	
hellatite	hellatite	
brad	brad	
chip	chip	
author	author	
boxer	boxer	
nanospeed	nanospeed	
former	former	
anfield	anfield	
arabrevolution	arab	revolution	
public	public	
hc	hc	
cuff	cuff	
institute	institute	
device	device	
flower	flower	
swiss	swiss	
ashington	ashington	
national	national	
profess	profess	
operator	operator	
cholesterol	cholesterol	
witch	witch	
singer	singer	
jaheim	jaheim	
father	father	
player	player	
construction	construction	
lazy	lazy	
comparison	comparison	
method	method	
peterborough	peterborough	
hispanic	hispanic	
dollar	dollar	
biometry	biometry	
big	big	
sougofollo	foll	
sallow	sallow	
virginia	virginia	
twitter	twitter	
test	test	
northwest	northwest	
trs	trs	
gmail	gmail	
pile	pile	
vanilla	vanilla	
package	package	
special	special	
handbook	handbook	
seed	seed	
head	head	
hungry	hungry	
lee	lee	
prong	prong	
beginner	beginner	
500ad	500ad	
bookmark	bookmark	
digg	digg	
embroidery	embroidery	
skate	skate	
adjacent	adjacent	
earthlite	earthlite	
work	work	
fire	fire	
democracy	democracy	
comcs	comcs	
scotch	scotch	
face	face	
restaurant	restaurant	
murphy	murphy	
ground	ground	
gov	gov	
eg	eg	
frp	frp	
seek	seek	
offer	offer	
myers	myers	
income	income	
rockies	rockies	
library	library	
gbkproductions	productions	
belt	belt	
maximuscle	maxi	muscle	
fussell	fussell	
mileycyrus	miley	cyrus	
capelli	capelli	
vomiting	vomiting	
glitter	glitter	
winslippers	win	slippers	
thoroughly	thoroughly	
reading	reading	
chao	chao	
delirium	delirium	
aldo	aldo	
allidoiswin	all	win	
379	379	
friendship	friendship	
cultflimfriday	cult	friday	
farm	farm	
yokohama	yokohama	
bulldozer	bulldozer	
instantfollowback	instant	followback	
naval	naval	
ifollowedback	followed	back	
deluxe	deluxe	
petclub	petclub	
locomotive	locomotive	
clever	clever	
flexible	flexible	
yhpvo5	yhpvo5	
atcxp	atcxp	
metal	metal	
follower	follower	
petroleum	petroleum	
20ounce	20ounce	
khaphone5	khaphone5	
neal	neal	
betty	betty	
watercolour	water	colour	
ww3	ww3	
original	original	
my	my	
naturaltits	natural	tits	
lily	lily	
freezingfogbranches	freezing	fog	branches	
ore	ore	
alien	alien	
pcb	pcb	
humantrafficking	human	trafficking	
muscovado	muscovado	
finish	finish	
flange	flange	
20090123	20090123	
ankle	ankle	
most	most	
chillchair	chill	chair	
mailwrap	mailwrap	
finch	finch	
dre	dre	
relationship	relationship	
conquest	conquest	
paradise	paradise	
tennis	tennis	
candycandy	candy	candy	
bent	bent	
cost	cost	
jesus	jesus	
uncertain	uncertain	
m4	m4	
hlth	hlth	
popsangels	pops	angels	
quality	quality	
lopez	lopez	
petdoctor	petdoctor	
followinqqq	follow	
etradebaby	trade	baby	
emergency	emergency	
teamfatdive	team	fat	dive	
vienna	vienna	
daihatsu	daihatsu	
cranner3	cranner3	
introduction	introduction	
overbed	overbed	
lose	lose	
squirtingporn	squirting	porn	
minchinhampton	min	chin	hampton	
bone	bone	
dauman	dauman	
describe	describe	
bathbombs	bathbombs	
coke	coke	
lacquer	lacquer	
mesh	mesh	
sumac	sumac	
graphic	graphic	
7268	7268	
polisher	polisher	
puertorico	puerto	rico	
oneofmyfollowers	one	followers	
tahrir	tahrir	
rank	rank	
jr_yemen	jr_yemen	
ets	ets	
boortz	boortz	
amarige	amarige	
beaker	beaker	
insulated	insulated	
macro	macro	
fail	fail	
teamfollowback	team	followback	
discount	discount	
chalk	chalk	
mental	mental	
povporn	povporn	
twinkle	twinkle	
franklin	franklin	
social	social	
fly	fly	
everyday	everyday	
xgames	xgames	
september	september	
instan	instan	
jdscott	jdscott	
ggbarker	ggbarker	
company	company	
cheat	cheat	
sanjuan	sanjuan	
altered	altered	
décor	décor	
alexandria	alexandria	
retailjobs	retail	jobs	
entertainment	entertainment	
lithium	lithium	
master	master	
dehydration	dehydration	
grill	grill	
rainboot	rainboot	
1000ad	1000ad	
festival	festival	
die	die	
maxx	maxx	
51	51	
toys	toys	
ntuf	ntuf	
frank	frank	
mrap	mrap	
competition	competition	
chinchilla	chinchilla	
hollywood	hollywood	
vauxhall	vauxhall	
garden	garden	
thril	thril	
snmp	snmp	
aid	aid	
reason	reason	
nwo	nwo	
set	set	
manager	manager	
trans	trans	
etteam	etteam	
leather	leather	
billtally	billtally	
caribbean	caribbean	
on30	on30	
turkish	turkish	
evidence	evidence	
meal	meal	
searchengineoptimization	search	engine	optimization	
case	case	
tunisian	tunisian	
exoticpet	exoticpet	
jello	jello	
stockphotos	stock	photos	
fireflyfriday	firefly	friday	
jgfcan	jgfcan	
combo	combo	
blast	blast	
top	top	
sponge	sponge	
shemaleporn	shemale	porn	
kyoto	kyoto	
bill	bill	
profi	profi	
milkaholic	milk	holic	
pandora	pandora	
privacy	privacy	
fuck	fuck	
regional	regional	
property	property	
espresso	espresso	
latinaporn	latina	porn	
hobson	hobson	
aimor	aimor	
sprocket	sprocket	
fitzpatrick	fitzpatrick	
bigbusiness	big	business	
subsidize	subsidize	
seamyslide	sea	slide	
ohio	ohio	
more	more	
puzzle	puzzle	
round	round	
open	open	
customize	customize	
north	north	
wich	wich	
recycle	recycle	
safety	safety	
wharehouse	are	house	
vasque	vasque	
contest	contest	
diem	diem	
hiphop	hiphop	
motif	motif	
brooklyn	brooklyn	
investment	investment	
felina	felina	
packer	packer	
down	down	
reed	reed	
gender	gender	
ied	ied	
steele	steele	
followaol	followaol	
paris	paris	
tfb2	tfb2	
french	french	
holiday	holiday	
parkinson	parkinson	
crytek	crytek	
dry	dry	
magical	magical	
employment	employment	
nfl	nfl	
vomit	vomit	
teamnatural	team	natural	
certificate	certificate	
porsche	porsche	
enjoi	enjoi	
design	design	
hamamatsu	hamamatsu	
bend	bend	
bride	bride	
invention	invention	
president	president	
consciousness	consciousness	
cfl	cfl	
australia	australia	
webster	webster	
solar	solar	
quick	quick	
pajama	pajama	
etsybot	etsybot	
accord	accord	
native	native	
preach	preach	
celebrity	celebrity	
crude	crude	
salon	salon	
amnestydo	amnestydo	
cheadle	cheadle	
basket	basket	
infant	infant	
type	type	
brian	brian	
statistic	statistic	
organic	organic	
followmejp	follow	
autolock	autolock	
beloved	beloved	
racer	racer	
tile	tile	
googletv	googletv	
chainwhip	chainwhip	
do	do	
chld	chld	
does	does	
ginger	ginger	
houston	houston	
govt	govt	
farberware	far	are	
02	02	
humvee	humvee	
kursk	kursk	
vaccination	nation	
victorian	victorian	
manchester	manchester	
eforcitytellyourfrds	for	city	tell	your	
eu	eu	
crescent	crescent	
delhi	delhi	
quirk	quirk	
physical	physical	
ifollowback	followback	
apple	apple	
james	james	
clear	clear	
surgical	surgical	
teamprettyladies	team	pretty	ladies	
muffin	muffin	
parker	parker	
signature	signature	
community	community	
steer	steer	
court	court	
cue	cue	
television	television	
knicks	knicks	
treadmill	treadmill	
petshop	petshop	
explain	explain	
givaway	givaway	
pencil	pencil	
aesthetic	aesthetic	
couture	couture	
heat	heat	
los	los	
scotus	scotus	
quijote	quijote	
content	content	
iwantyouto	want	you	
cook	cook	
tcotstop	tcotstop	
gloryholepornvideos	glory	hole	porn	videos	
sharethelove	share	love	
dough	dough	
united	united	
osaka	osaka	
compromise	compromise	
followngain	follow	nga	
4003	4003	
dmso	dmso	
sexuality	sexuality	
musique	musique	
gyro	gyro	
button	button	
mg	mg	
politics	politics	
human	human	
pigment	pigment	
wall	wall	
francisco	francisco	
marjorie	marjorie	
calcine	calcine	
girl	girl	
tourist	tourist	
medium	medium	
nabe	nabe	
flyer	flyer	
baritone	baritone	
dutch	dutch	
should	should	
panty	panty	
overlay	overlay	
montevideo	montevideo	
rossetto	rossetto	
100s	100s	
unwanted	unwanted	
nine	nine	
tavistock	tavistock	
il	il	
management	management	
critter	critter	
greeting	greeting	
score	score	
fit	fit	
major	major	
worktips	worktips	
m3	m3	
champion	champion	
currency	currency	
real	real	
pastry	pastry	
cia	cia	
susyqt	susyqt	
flat	flat	
risk	risk	
stretch	stretch	
sportsnews	sports	news	
door	door	
youth	youth	
friedbrain	fried	brain	
indesign	indesign	
probe	probe	
judge	judge	
zahid	zahid	
run	run	
fiat	fiat	
springtime	springtime	
bonanza	bonanza	
school	school	
costume	costume	
during	during	
souffle	souffle	
hour	hour	
freemypunkfrm	free	punk	frm	
follow	follow	
boxerbriefs	boxer	briefs	
teenager	teenager	
khartoum	khartoum	
burn	burn	
border	border	
shortener	shortener	
cowboys	cowboys	
health	health	
game	game	
aurora	aurora	
samsung	samsung	
anxiety	anxiety	
win	win	
bergen	bergen	
neena	neena	
golf	golf	
play	play	
knit	knit	
coleco	coleco	
popsvizion	pops	viz	
bag	bag	
astros	astros	
brook	brook	
developer	developer	
jacquard	jacquard	
homeland	homeland	
stunt	stunt	
4rm	4rm	
chrisitan	chrisitan	
bold	bold	
oakley	oakley	
worldnews	worldnews	
ca	ca	
book	book	
neck	neck	
oregonartguy	oregon	art	guy	
passport	passport	
hardtop	hardtop	
bike	bike	
breathe	breathe	
main	main	
pilsner	pilsner	
homemaker	homemaker	
m16	m16	
extreme	extreme	
probabi	probabi	
be	be	
im	im	
bournemouth	bournemouth	
back	back	
loafer	loafer	
followtime	follow	time	
zionism	zionism	
capable	capable	
hood	hood	
courtship	courtship	
fullzip	fullzip	
teaparty	teaparty	
ipad	ipad	
biology	biology	
antonio	antonio	
mre	mre	
htlcesgiveaway	tlc	giveaway	
grain	grain	
bottle	bottle	
garber	garber	
106	106	
mckenna	mckenna	
arrow	arrow	
superbowl	superbowl	
catcare	catcare	
deline	deline	
america	america	
aktiv	aktiv	
doctor	doctor	
received	received	
sail	sail	
genoicde	genoicde	
sort	sort	
lcd	lcd	
residentevil	resident	evil	
hmet	hmet	
liter	liter	
spirulina	spirulina	
derailleur	derail	
network	network	
reptiles	reptiles	
there	there	
plate	plate	
slough	slough	
whiplash	whiplash	
romance	romance	
wwes	wwes	
proctor	proctor	
4cdt64	4cdt64	
delay	delay	
pine	pine	
spamemories	spa	memories	
different	different	
teamautofollow	team	auto	follow	
optic	optic	
southampton	southampton	
autofol	autofol	
hiv	hiv	
lady	lady	
club	club	
rayovac	rayovac	
teamus	teamus	
paper	paper	
spice	spice	
threesomesexparties	threesome	sex	parties	
license	license	
and	and	
factory	factory	
tacoma	tacoma	
azumanga	azumanga	
attenuator	ten	
shawl	shawl	
coach	coach	
capri	capri	
roll	roll	
custom	custom	
truelove	truelove	
soleiman	soleiman	
twittertuesday	twitter	tuesday	
homeequity	home	equity	
london	london	
tfb	tfb	
cape	cape	
stroke	stroke	
teamblackberry	team	blackberry	
board	board	
wage	wage	
child	child	
crossbody	crossbody	
camera	camera	
flirt	flirt	
manufacturing	manufacturing	
happymonday	happy	monday	
eye	eye	
police	police	
intros	intros	
east	east	
baker	baker	
aerospace	aerospace	
oregon	oregon	
barboard	barboard	
petadoption	pet	adoption	
deep	deep	
alvin	alvin	
honeypup	honeypup	
tank	tank	
freeegypt	freeegypt	
accidental	accidental	
katy	katy	
renaissance	renaissance	
advice	advice	
pirate	pirate	
umich	umich	
guaranteedfollowback	guaranteed	followback	
novice	novice	
cajun	cajun	
headache	headache	
stop	stop	
veil	veil	
edison	edison	
healthy	healthy	
politician	politician	
column	column	
redmond	redmond	
pump	pump	
insurance	insurance	
bos	bos	
berry	berry	
technical	technical	
innovation	innovation	
impression	impression	
nolan	nolan	
feetporn	feetporn	
compressor	compressor	
sling	sling	
roller	roller	
humor	humor	
hartlepool	hartlepool	
joe	joe	
deriheru	deriheru	
drybag	drybag	
iwanttowinapowermat	want	win	power	mat	
traditional	traditional	
history	history	
parent	parent	
confirmation	confirmation	
oo	oo	
camper	camper	
photograph	photograph	
iron	iron	
647	647	
broberg	broberg	
internation	inter	nation	
hotel	hotel	
mentor	mentor	
monolabo	monolabo	
nopasaran	nopasaran	
biodermastore	bio	derma	store	
draws	draws	
z3	z3	
bbcminicomp	bbc	mini	comp	
model	model	
soap	soap	
teen	teen	
close	close	
financejobs	finance	jobs	
cum	cum	
miracleworker	miracle	worker	
frog	frog	
sweetness	sweetness	
cable	cable	
aromatherapy	aroma	therapy	
malt	malt	
followback	followback	
tobacco	tobacco	
95	95	
thesis	thesis	
instrument	instrument	
unemployment	unemployment	
fortune500	fortune	500	
next	next	
boy	boy	
election	election	
destination	destination	
bradford	bradford	
barchetta	barchetta	
intimate	intimate	
adult	adult	
wish	wish	
healthandsafety	health	and	safety	
occupational	occupational	
holman	holman	
hand	hand	
wear	wear	
sport	sport	
3in1	3in1	
pool	pool	
viet	viet	
telecommunication	tele	communication	
priceline	priceline	
journal	journal	
massacre	massacre	
plaque	plaque	
recent	recent	
accent	accent	
daioh	daioh	
boys	boys	
jan29	jan29	
cancer	cancer	
us	us	
mail	mail	
amero	amero	
digitalart	digital	art	
loyal	loyal	
colorful	colorful	
piece	piece	
russian	russian	
journey	journey	
knottingley	knot	tingle	
twitterpoll	twitter	poll	
33	33	
make	make	
delight	delight	
petbeds	petbeds	
mile	mile	
subsitutes	subs	utes	
500aday	500aday	
specialty	specialty	
nicotine	nicotine	
cyclone	cyclone	
asstomouth	ass	mouth	
halifax	halifax	
carhartt	carhartt	
duck	duck	
flem	flem	
conventional	conventional	
chadwick	chadwick	
directory	directory	
renault	renault	
700aday	700aday	
blood	blood	
japan	japan	
maybelline	maybelline	
autofollow	auto	follow	
earthfriendly	earth	friendly	
tlot	tlot	
picnic	picnic	
devyn	devyn	
panel	panel	
csteatime	csteatime	
77	77	
snorkel	snorkel	
long	long	
walk	walk	
communist	communist	
maggie	maggie	
salesforce	salesforce	
rampage	rampage	
character	character	
gmc	gmc	
noritake	noritake	
etsyteamtreasury	etsy	team	treasury	
garment	garment	
2piece	2piece	
foreclosure	fore	closure	
bigtitporn	big	tit	porn	
midcenturymodern	mid	century	modern	
candels	candels	
team2rude	team2rude	
force	force	
florence	florence	
dandelion	dandelion	
yemen	yemen	
6pack	6pack	
thewave	thewave	
davidson	davidson	
oroshi	oroshi	
bmw	bmw	
bbwporn	bbwporn	
light	light	
tsitskamma	its	kam	
euro	euro	
laundry	laundry	
dear	dear	
russo	russo	
rack	rack	
entrtn	entrtn	
ferret	ferret	
medicine	medicine	
anti	anti	
age	age	
netbook	netbook	
fired	fired	
on	on	
pullon	pullon	
socialmedianews	social	media	news	
topeka	topeka	
imperial	imperial	
allow	allow	
fox	fox	
ultrasound	ultrasound	
fo	fo	
followme	followme	
foxglove	foxglove	
white	white	
clock	clock	
furnas	furnas	
inline	inline	
peta	peta	
columbia	columbia	
2011	2011	
vip	vip	
month	month	
regency	regency	
sl_class	sl_class	
engine	engine	
wordlinxwednesdays	word	lin	wednesdays	
surfbar	surfbar	
ellen	ellen	
umass	umass	
democrat	democrat	
handguard	handguard	
tigra	tigra	
solomasturbation	solo	masturbation	
14gram	14gram	
suede	suede	
moor	moor	
dresden	dresden	
linear	linear	
cub	cub	
red	red	
outsource	outsource	
penjen	penjen	
funny	funny	
n384	n384	
grade	grade	
caden	caden	
vid	vid	
bahrami	bahrami	
rightspetition	rights	petition	
iranelection	iran	election	
wagoneer	wagoneer	
represent	represent	
facialcumshots	facial	cum	shots	
peacefultransition	peaceful	transition	
susan	susan	
groupsex	groupsex	
absorber	absorber	
alzheimers	alzheimers	
dellstreak	dell	streak	
nausea	nausea	
guadeloupe	gua	delo	
belize	belize	
taylor	taylor	
article	article	
cms	cms	
dream	dream	
snow	snow	
without	without	
coronado	coronado	
snowboot	snowboot	
diabetes	diabetes	
airway	airway	
sisal	sisal	
caterpillar	caterpillar	
hm_lovefashion	love	fashion	
clio	clio	
download	download	
order	order	
inspirational	inspirational	
mill	mill	
science	science	
demo	demo	
mayne	mayne	
use	use	
ipodtouch	ipodtouch	
elbow	elbow	
konerko	konerko	
index	index	
self	self	
colorado	colorado	
valley	valley	
thing	thing	
communism	communism	
05	05	
portland	portland	
petnutrition	pet	nutrition	
view	view	
pistol	pistol	
california	california	
store	store	
haaretz	haaretz	
house	house	
sugar	sugar	
drug	drug	
16mm	16mm	
bamboo	bamboo	
january	january	
sponsor	sponsor	
pelican	pelican	
cheerlead	cheerlead	
steelers	steelers	
dlcxpn	dlcxpn	
manganese	manganese	
famous	famous	
propaganda	propaganda	
entrepreneur	entrepreneur	
jimny	jimny	
twister	twister	
home	home	
brush	brush	
jill	jill	
vote2012	vote2012	
subsequent	subsequent	
fitnessdance	fitness	dance	
austin	austin	
toyota	toyota	
tf	tf	
teamprada	teamprada	
alarabiya	alarabiya	
saleh	saleh	
deserve	deserve	
dolly	dolly	
vegetarian	vegetarian	
soba7now	soba7now	
rebel	rebel	
keyword	keyword	
farnborough	far	borough	
helium	helium	
take	take	
first	first	
uncategorized	categorize	
condiment	condiment	
macrame	macrame	
stream	stream	
wealthbuilding	wealth	building	
palm	palm	
steam	steam	
best	best	
yhpwill	yhpwill	
vintageporn	vintage	porn	
tutorial	tutorial	
halloween	halloween	
explorer	explorer	
erapidnews	rapid	news	
8422	8422	
feb3	feb3	
fragrant	fragrant	
lamp	lamp	
right	right	
harry	harry	
level	level	
29	29	
deb	deb	
writer	writer	
young	young	
nina	nina	
rail	rail	
bottom	bottom	
stress	stress	
jerky	jerky	
furniture	furniture	
chem	chem	
bphotels	bphotels	
value	value	
zeitgeist	zeitgeist	
zyprexa	zyprexa	
cspj	cspj	
fancy	fancy	
makeup	makeup	
20oz	20oz	
slipon	slipon	
arizonajobs	arizona	jobs	
redheadsex	redhead	sex	
channel	channel	
straighten	straighten	
rainy	rainy	
easy	easy	
link	link	
puppy	puppy	
foil	foil	
2810	2810	
bbc	bbc	
instantfol	instant	fol	
redtailedhawk	red	tailed	hawk	
wordpress	wordpress	
scam	scam	
speak	speak	
orlando	orlando	
annals	annals	
dont	dont	
class	class	
ready	ready	
credit	credit	
rv	rv	
weapon	weapon	
sb45	sb45	
someone	someone	
flour	flour	
amp	amp	
barefoot	barefoot	
refresh	refresh	
bulk	bulk	
chance	chance	
repeal	repeal	
shower	shower	
creation	creation	
esert	esert	
ton	ton	
itunes6500	itunes	500	
promo	promo	
petshow	petshow	
excep	excep	
volvo	volvo	
yankee	yankee	
massage	massage	
happybirthday	happybirthday	
excise	excise	
rate	rate	
lip	lip	
multilanguage	multi	language	
woodstock	woodstock	
basalt	basalt	
nutzo4life	nut	life	
warren	warren	
992	992	
teamfo	teamfo	
debt	debt	
chain	chain	
autofollowback	auto	followback	
celtic	celtic	
immigrant	immigrant	
center	center	
levain	levain	
exit	exit	
apft	apft	
abolish	abolish	
math	math	
firstaid	firstaid	
dog	dog	
bloodlines	bloodlines	
co	co	
detra	detra	
calisthenics	cal	nics	
move	move	
floral	floral	
hero	hero	
taylorguitarspromo	taylor	guitars	promo	
encounter	encounter	
teamblessdpromo	team	bless	promo	
replacement	replacement	
rom	rom	
teamfollow	team	follow	
description	description	
hsnpilates	hsn	pilates	
vday	vday	
henry	henry	
you	you	
a5	a5	
colonial	colonial	
trick	trick	
shape	shape	
yhpfollow	yhpfollow	
dementia	dementia	
check	check	
build	build	
april	april	
guard	guard	
combat	combat	
fetishsex	fetishsex	
sock	sock	
prison	prison	
jazeera	jazeera	
amnesty	amnesty	
lifter	lifter	
photo	photo	
industry	industry	
blog	blog	
82001	82001	
afghanistan	afghanistan	
google	google	
kill	kill	
denverjobs	denver	jobs	
izmir	izmir	
israel	israel	
fashio	fashio	
irish	irish	
ncc17017	ncc17017	
permit	permit	
restatement	statement	
hardwood	hardwood	
prevent	prevent	
countblue	countblue	
click	click	
snowball	snowball	
brown	brown	
chuggington	chugging	ton	
style	style	
pastoral	pastoral	
ap400	ap400	
jan2	jan2	
bonus	bonus	
surface	surface	
6april	6april	
proform	proform	
keene	keene	
insulation	insulation	
football	football	
thank	thank	
rnc	rnc	
hurt	hurt	
nj	nj	
ifyou	ifyou	
404	404	
pink	pink	
this	this	
naturalhair	natural	hair	
myst	myst	
emily	emily	
glasgow	glasgow	
java	java	
cup	cup	
thoughtful	thoughtful	
mission	mission	
tree	tree	
c1000	c1000	
gray	gray	
dozen	dozen	
denim	denim	
goodmorning	goodmorning	
indonesia	indonesia	
yu	yu	
patti	patti	
people	people	
nanohexwatch	nano	watch	
buckinghamshire	buckinghamshire	
eco	eco	
tyranny	tyranny	
audio	audio	
drink	drink	
pvt	pvt	
illuminati	illuminati	
baleno	baleno	
winis	winis	
island	island	
24621	24621	
groomer	groomer	
mumbai	mumbai	
lonely	lonely	
longboard	longboard	
sougof	sougof	
rope	rope	
men	men	
rmcpeak	rmcpeak	
bert	bert	
music	music	
vegan	vegan	
page	page	
busybeecandleshandmadeinwales	busy	bee	candles	handmade	wales	
winterscene	winter	scene	
engineer	engineer	
gas	gas	
octavia	octavia	
internetjobs	internet	jobs	
harley	harley	
islamic	islamic	
reel	reel	
dress	dress	
100	100	
rathlinisland	rat	island	
252	252	
mint	mint	
newton	newton	
lambs	lambs	
lipper	lipper	
bridgman	bridgman	
kayak	kayak	
ehow	ehow	
person	person	
inflammation	inflammation	
followfridays	follow	fridays	
state	state	
chairmat	chairmat	
a3	a3	
foot	foot	
trouser	trouser	
legs	legs	
wambaugh	wambaugh	
spottyballsand	spotty	balls	and	
laura	laura	
genealogy	genealogy	
xp	xp	
nail	nail	
shaniko	shaniko	
56	56	
northwich	northwich	
monetary	monetary	
skynet	skynet	
catch	catch	
premium	premium	
daddy	daddy	
stewaf	stewaf	
autofoll	autofoll	
hnf	hnf	
satin	satin	
bphotelreservation	hotel	reservation	
development	development	
grdn	grdn	
194449	194449	
gossip	gossip	
remedy	remedy	
ormond	ormond	
nexus	nexus	
stealth	stealth	
teammfollowback	team	followback	
